Driver,LapNumber,LapTime,Compound,Stint,TrackStatus,AirTemperature,TrackTemperature,Humidity,Pressure,WindSpeed,WindDirection
HUL,1.0,,SOFT,1.0,1,18.6,34.5,54.0,1024.0,1.6,144
HUL,2.0,77.992,SOFT,1.0,1,18.6,34.7,54.0,1024.0,1.0,0
HUL,3.0,104.804,SOFT,1.0,1,18.7,34.8,54.0,1024.0,1.1,257
HUL,4.0,78.107,SOFT,1.0,1,18.8,34.5,54.0,1024.0,1.6,173
HUL,5.0,,SOFT,1.0,1,18.8,34.5,54.0,1024.0,1.5,165
HUL,6.0,90.856,SOFT,2.0,1,18.8,34.9,53.0,1024.0,1.8,151
HUL,7.0,77.976,SOFT,2.0,1,18.9,34.6,54.0,1024.0,2.2,136
HUL,8.0,,SOFT,2.0,1,18.8,34.6,54.0,1024.0,0.9,314
