Driver,LapNumber,LapTime,Compound,Stint,TrackStatus,AirTemperature,TrackTemperature,Humidity,Pressure,WindSpeed,WindDirection
BOT,1.0,,SOFT,1.0,1,26.8,37.4,43.0,1016.0,0.7,325
BOT,2.0,104.876,SOFT,1.0,1,26.8,37.5,42.0,1016.0,0.8,57
BOT,3.0,139.975,SOFT,1.0,1,27.1,37.5,42.0,1016.1,2.6,89
BOT,4.0,120.629,SOFT,1.0,12,27.0,37.7,40.0,1016.1,1.7,97
BOT,5.0,,SOFT,2.0,12,27.0,37.6,40.0,1016.0,2.3,141
BOT,6.0,103.618,SOFT,2.0,1,27.0,37.6,40.0,1016.0,1.5,91
BOT,7.0,144.663,SOFT,2.0,12,26.9,37.7,38.0,1016.0,2.4,106
