Driver,LapNumber,LapTime,Compound,Stint,TrackStatus,AirTemperature,TrackTemperature,Humidity,Pressure,WindSpeed,WindDirection
NOR,1.0,,SOFT,1.0,1,26.8,37.4,43.0,1016.0,0.7,325
NOR,2.0,103.906,SOFT,1.0,1,26.8,37.5,42.0,1016.0,0.8,57
NOR,3.0,141.32,SOFT,1.0,12,27.1,37.5,42.0,1016.1,2.6,89
NOR,4.0,103.609,SOFT,1.0,1,27.0,37.7,40.0,1016.1,1.7,97
NOR,5.0,132.153,SOFT,1.0,12,27.0,37.6,40.0,1016.0,2.3,141
NOR,6.0,,SOFT,2.0,12,27.0,37.6,40.0,1016.0,1.5,91
NOR,7.0,116.222,SOFT,2.0,12,26.9,37.7,38.0,1016.0,2.4,106
