Driver,LapNumber,LapTime,Compound,Stint,TrackStatus,AirTemperature,TrackTemperature,Humidity,Pressure,WindSpeed,WindDirection
STR,1.0,,MEDIUM,1.0,1,27.3,41.9,42.0,940.3,0.8,134
STR,2.0,66.037,MEDIUM,1.0,1,27.2,41.0,42.0,940.3,0.6,348
STR,3.0,90.442,MEDIUM,1.0,1,27.2,40.7,43.0,940.3,0.5,0
STR,4.0,116.202,MEDIUM,1.0,1,27.3,40.7,44.0,940.3,0.6,314
STR,5.0,80.626,MEDIUM,1.0,12,27.4,42.5,43.0,940.3,0.7,13
STR,6.0,,MEDIUM,2.0,1,27.5,43.0,43.0,940.3,0.7,346
STR,7.0,65.847,MEDIUM,2.0,1,27.5,43.7,42.0,940.3,1.3,333
STR,8.0,107.076,MEDIUM,2.0,1,27.5,43.1,42.0,940.3,1.0,98
