Driver,LapNumber,LapTime,Compound,Stint,TrackStatus,AirTemperature,TrackTemperature,Humidity,Pressure,WindSpeed,WindDirection
SAR,1.0,,MEDIUM,1.0,1,27.3,41.9,42.0,940.3,0.8,134
SAR,2.0,66.692,MEDIUM,1.0,1,27.2,41.0,42.0,940.3,0.6,348
SAR,3.0,84.923,MEDIUM,1.0,1,27.2,40.7,43.0,940.3,0.5,0
SAR,4.0,86.753,MEDIUM,1.0,1,27.3,40.7,44.0,940.3,0.6,314
SAR,5.0,66.518,MEDIUM,1.0,1,27.4,42.5,43.0,940.3,0.7,13
SAR,6.0,89.287,MEDIUM,1.0,12,27.5,43.0,43.0,940.3,0.7,346
SAR,7.0,,MEDIUM,2.0,1,27.5,43.7,42.0,940.3,1.3,333
SAR,8.0,66.013,MEDIUM,2.0,1,27.5,43.1,42.0,940.3,1.0,98
SAR,9.0,92.486,MEDIUM,2.0,1,27.5,43.2,42.0,940.3,0.8,55
