Driver,LapNumber,LapTime,Compound,Stint,TrackStatus,AirTemperature,TrackTemperature,Humidity,Pressure,WindSpeed,WindDirection
ALO,1.0,,MEDIUM,1.0,1,27.3,41.9,42.0,940.3,0.8,134
ALO,2.0,66.822,MEDIUM,1.0,1,27.2,41.0,42.0,940.3,0.6,348
ALO,3.0,92.914,MEDIUM,1.0,1,27.2,40.7,43.0,940.3,0.5,0
ALO,4.0,93.465,MEDIUM,1.0,1,27.3,40.7,44.0,940.3,0.6,314
ALO,5.0,66.487,MEDIUM,1.0,1,27.4,42.5,43.0,940.3,0.7,13
ALO,6.0,95.568,MEDIUM,1.0,12,27.5,43.0,43.0,940.3,0.7,346
ALO,7.0,,MEDIUM,2.0,1,27.5,43.7,42.0,940.3,1.3,333
ALO,8.0,65.878,MEDIUM,2.0,1,27.5,43.1,42.0,940.3,1.0,98
ALO,9.0,,MEDIUM,2.0,1,27.5,43.2,42.0,940.3,0.8,55
