Driver,LapNumber,LapTime,Compound,Stint,TrackStatus,AirTemperature,TrackTemperature,Humidity,Pressure,WindSpeed,WindDirection
TSU,1.0,,MEDIUM,1.0,1,27.3,41.9,42.0,940.3,0.8,134
TSU,2.0,66.557,MEDIUM,1.0,1,27.2,41.0,42.0,940.3,0.6,348
TSU,3.0,95.916,MEDIUM,1.0,1,27.2,40.7,43.0,940.3,0.5,0
TSU,4.0,,MEDIUM,2.0,1,27.3,40.7,44.0,940.3,0.6,314
TSU,5.0,74.828,MEDIUM,2.0,12,27.4,42.5,43.0,940.3,0.7,13
TSU,6.0,92.484,MEDIUM,2.0,1,27.5,43.0,43.0,940.3,0.7,346
TSU,7.0,,MEDIUM,3.0,1,27.5,43.7,42.0,940.3,1.3,333
TSU,8.0,65.96,MEDIUM,3.0,1,27.5,43.1,42.0,940.3,1.0,98
TSU,9.0,89.993,MEDIUM,3.0,1,27.5,43.2,42.0,940.3,0.8,55
