Driver,LapNumber,LapTime,Compound,Stint,TrackStatus,AirTemperature,TrackTemperature,Humidity,Pressure,WindSpeed,WindDirection
RUS,1.0,,MEDIUM,1.0,1,27.3,41.9,42.0,940.3,0.8,134
RUS,2.0,65.764,MEDIUM,1.0,1,27.2,41.0,42.0,940.3,0.6,348
RUS,3.0,98.898,MEDIUM,1.0,1,27.2,40.7,43.0,940.3,0.5,0
RUS,4.0,,MEDIUM,2.0,12,27.3,40.7,44.0,940.3,0.6,314
RUS,5.0,65.325,MEDIUM,2.0,1,27.4,42.5,43.0,940.3,0.7,13
RUS,6.0,94.39,MEDIUM,2.0,1,27.5,43.0,43.0,940.3,0.7,346
RUS,7.0,,SOFT,3.0,1,27.5,43.7,42.0,940.3,1.3,333
RUS,8.0,65.054,SOFT,3.0,1,27.5,43.1,42.0,940.3,1.0,98
RUS,9.0,,SOFT,3.0,1,27.5,43.2,42.0,940.3,0.8,55
