Driver,LapNumber,LapTime,Compound,Stint,TrackStatus,AirTemperature,TrackTemperature,Humidity,Pressure,WindSpeed,WindDirection
MAG,1.0,,MEDIUM,1.0,1,27.3,41.9,42.0,940.3,0.8,134
MAG,2.0,66.387,MEDIUM,1.0,1,27.2,41.0,42.0,940.3,0.6,348
MAG,3.0,124.425,MEDIUM,1.0,1,27.2,40.7,43.0,940.3,0.5,0
MAG,4.0,,MEDIUM,2.0,1,27.3,40.7,44.0,940.3,0.6,314
MAG,5.0,106.939,MEDIUM,2.0,12,27.4,42.5,43.0,940.3,0.7,13
MAG,6.0,,MEDIUM,3.0,1,27.5,43.0,43.0,940.3,0.7,346
MAG,7.0,65.806,MEDIUM,3.0,1,27.5,43.7,42.0,940.3,1.3,333
MAG,8.0,81.577,MEDIUM,3.0,1,27.5,43.1,42.0,940.3,1.0,98
